imgname,ra,dec
rings.v3.skycell.1322.000.stk.i.unconv.fits,1.79856591172,0.199383536276
rings.v3.skycell.1322.001.stk.i.unconv.fits,1.39907383589,0.199422342822
rings.v3.skycell.1322.002.stk.i.unconv.fits,0.999445656679,0.199451462818
rings.v3.skycell.1322.003.stk.i.unconv.fits,0.599720203004,0.199470883517
